UserPrincipalName,SamAccountName,Name,GivenName,SurName
auno@augusto.local,auno,augusto uno,augusto,uno
ados@augusto.local,ados,augusto dos,augusto,dos
atres@augusto.local,atres,augusto tres,augusto,tres
acuatro@augusto.local,acuatro,augusto cuatro,augusto,cuatro
acinco@augusto.local,acinco,augusto cinco,augusto,cinco